radius_m,electron_density_m3,refractive_index,is_negative_index
90.0,1.5240284678777445e+27,-22.014167914262945,True
90.02002002002003,1.5273138987868132e+27,-22.037932618397246,True
90.04004004004004,1.5306132819279216e+27,-22.0617724816801,True
90.06006006006007,1.5339266216918196e+27,-22.085687292399427,True
90.08008008008008,1.5372539219706353e+27,-22.109676835402464,True
90.10010010010011,1.5405951861545887e+27,-22.13374089209794,True
90.12012012012012,1.5439504171286726e+27,-22.15787924045824,True
90.14014014014015,1.5473196172693844e+27,-22.182091655021978,True
90.16016016016016,1.5507027884414324e+27,-22.20637790689657,True
90.18018018018019,1.5540999319944908e+27,-22.230737763761297,True
90.2002002002002,1.557511048759929e+27,-22.255170989870244,True
90.22022022022023,1.560936139047592e+27,-22.27967734605582,True
90.24024024024024,1.5643752026425558e+27,-22.30425658973218,True
90.26026026026027,1.5678282388019315e+27,-22.32890847489906,True
90.28028028028028,1.571295246251649e+27,-22.353632752145696,True
90.30030030030031,1.5747762231832874e+27,-22.378429168655085,True
90.32032032032032,1.578271167250887e+27,-22.403297468208272,True
90.34034034034035,1.5817800755678095e+27,-22.428237391189086,True
90.36036036036036,1.5853029447035762e+27,-22.453248674588806,True
90.38038038038039,1.588839770680761e+27,-22.478331052011335,True
90.4004004004004,1.5923905489718564e+27,-22.503484253678238,True
90.42042042042043,1.5959552744961995e+27,-22.528708006434375,True
90.44044044044044,1.59953394161687e+27,-22.55400203375335,True
90.46046046046047,1.6031265441376472e+27,-22.57936605574348,True
90.48048048048048,1.6067330752999424e+27,-22.60479978915371,True
90.50050050050051,1.6103535277797878e+27,-22.63030294737999,True
90.52052052052052,1.6139878936848055e+27,-22.655875240471552,True
90.54054054054055,1.617636164551231e+27,-22.681516375137686,True
90.56056056056056,1.6212983313409165e+27,-22.707226054754447,True
90.58058058058059,1.6249743844383918e+27,-22.733003979371794,True
90.6006006006006,1.628664313647905e+27,-22.75884984572069,True
90.62062062062063,1.632368108190522e+27,-22.784763347220643,True
90.64064064064064,1.6360857567012027e+27,-22.81074417398718,True
90.66066066066067,1.6398172472259417e+27,-22.836792012839776,True
90.68068068068068,1.6435625672188832e+27,-22.8629065473097,True
90.70070070070071,1.6473217035395042e+27,-22.889087457648326,True
90.72072072072072,1.6510946424497685e+27,-22.915334420835375,True
90.74074074074075,1.654881369611351e+27,-22.94164711058756,True
90.76076076076076,1.6586818700828362e+27,-22.968025197367222,True
90.78078078078079,1.662496128316984e+27,-22.99446834839136,True
90.8008008008008,1.6663241281579735e+27,-23.020976227640585,True
90.82082082082083,1.6701658528387115e+27,-23.047548495868565,True
90.84084084084084,1.674021284978121e+27,-23.0741848106113,True
90.86086086086087,1.6778904065784982e+27,-23.100884826196925,True
90.88088088088088,1.681773199022845e+27,-23.127648193755377,True
90.90090090090091,1.685669643072274e+27,-23.154474561228525,True
90.92092092092092,1.689579718863388e+27,-23.181363573380146,True
90.94094094094095,1.6935034059057348e+27,-23.2083148718065,True
90.96096096096096,1.6974406830792343e+27,-23.235328094946563,True
90.98098098098099,1.701391528631683e+27,-23.262402878092946,True
91.001001001001,1.7053559201762342e+27,-23.28953885340253,True
91.02102102102103,1.7093338346889496e+27,-23.31673564990766,True
91.04104104104104,1.7133252485063336e+27,-23.343992893527144,True
91.06106106106107,1.7173301373229373e+27,-23.37131020707775,True
91.08108108108108,1.721348476188945e+27,-23.398687210285555,True
91.10110110110111,1.7253802395078332e+27,-23.42612351979776,True
91.12112112112112,1.7294254010340095e+27,-23.45361874919435,True
91.14114114114115,1.7334839338705282e+27,-23.481172509000253,True
91.16116116116116,1.7375558104667842e+27,-23.508784406697256,True
91.18118118118119,1.741641002616286e+27,-23.536454046736537,True
91.2012012012012,1.7457394814544053e+27,-23.56418103055089,True
91.22122122122123,1.7498512174562077e+27,-23.591964956567512,True
91.24124124124124,1.7539761804342619e+27,-23.619805420220573,True
91.26126126126127,1.7581143395365283e+27,-23.647702013964278,True
91.28128128128128,1.7622656632442286e+27,-23.67565432728577,True
91.30130130130131,1.7664301193697928e+27,-23.70366194671845,True
91.32132132132132,1.7706076750547927e+27,-23.731724455855176,True
91.34134134134135,1.7747982967679476e+27,-23.7598414353619,True
91.36136136136136,1.7790019503031213e+27,-23.78801246299112,True
91.38138138138139,1.7832186007773917e+27,-23.816237113595804,True
91.4014014014014,1.7874482126291094e+27,-23.84451495914315,True
91.42142142142143,1.7916907496160323e+27,-23.872845568728767,True
91.44144144144144,1.7959461748134479e+27,-23.90122850859067,True
91.46146146146147,1.8002144506123754e+27,-23.92966334212381,True
91.48148148148148,1.8044955387177527e+27,-23.958149629894283,True
91.50150150150151,1.8087894001467056e+27,-23.98668692965413,True
91.52152152152152,1.8130959952267997e+27,-24.015274796355815,True
91.54154154154155,1.8174152835943817e+27,-24.04391278216729,True
91.56156156156156,1.821747224192897e+27,-24.072600436486734,True
91.58158158158159,1.8260917752713005e+27,-24.101337305957827,True
91.6016016016016,1.8304488943824444e+27,-24.130122934484795,True
91.62162162162163,1.8348185383815578e+27,-24.15895686324788,True
91.64164164164164,1.839200663424709e+27,-24.187838630718684,True
91.66166166166167,1.8435952249673538e+27,-24.216767772675855,True
91.68168168168168,1.8480021777628696e+27,-24.24574382222063,True
91.70170170170171,1.8524214758611775e+27,-24.274766309792813,True
91.72172172172172,1.8568530726073508e+27,-24.303834763186526,True
91.74174174174175,1.8612969206403098e+27,-24.332948707566402,True
91.76176176176176,1.8657529718915043e+27,-24.362107665483606,True
91.78178178178179,1.8702211775836844e+27,-24.391311156892222,True
91.8018018018018,1.87470148822966e+27,-24.420558699165454,True
91.82182182182183,1.8791938536311436e+27,-24.449849807112297,True
91.84184184184184,1.883698222877591e+27,-24.479183992993946,True
91.86186186186187,1.8882145443451217e+27,-24.508560766540636,True
91.88188188188188,1.8927427656954336e+27,-24.537979634968305,True
91.90190190190191,1.897282833874805e+27,-24.567440102995594,True
91.92192192192192,1.9018346951130876e+27,-24.596941672860744,True
91.94194194194195,1.9063982949227886e+27,-24.62648384433881,True
91.96196196196196,1.910973578098143e+27,-24.656066114758712,True
91.98198198198199,1.9155604887142786e+27,-24.685687979020692,True
92.002002002002,1.9201589701263665e+27,-24.715348929613512,True
92.02202202202203,1.92476896496887e+27,-24.745048456632123,True
92.04204204204204,1.9293904151547772e+27,-24.77478604779506,True
92.06206206206207,1.9340232618749324e+27,-24.804561188462277,True
92.08208208208208,1.9386674455973528e+27,-24.834373361652716,True
92.10210210210211,1.943322906066643e+27,-24.864222048062338,True
92.12212212212212,1.9479895823033972e+27,-24.894106726081876,True
92.14214214214215,1.9526674126036983e+27,-24.92402687181501,True
92.16216216216216,1.957356334538604e+27,-24.953981959096293,True
92.18218218218219,1.9620562849537337e+27,-24.98397145950952,True
92.2022022022022,1.966767199968842e+27,-25.0139948424058,True
92.22222222222223,1.9714890149774905e+27,-25.044051574922104,True
92.24224224224224,1.9762216646467086e+27,-25.074141121999443,True
92.26226226226227,1.980965082916755e+27,-25.10426294640163,True
92.28228228228228,1.9857192030008667e+27,-25.13441650873363,True
92.30230230230231,1.990483957385107e+27,-25.16460126746039,True
92.32232232232232,1.9952592778282067e+27,-25.194816678925392,True
92.34234234234235,2.0000450953615005e+27,-25.22506219736964,True
92.36236236236236,2.0048413402888584e+27,-25.25533727495033,True
92.38238238238239,2.009647942186714e+27,-25.285641361759996,True
92.4024024024024,2.0144648299040854e+27,-25.315973905845304,True
92.42242242242243,2.0192919315626953e+27,-25.346334353226325,True
92.44244244244244,2.0241291745570856e+27,-25.376722147915515,True
92.46246246246247,2.0289764855548276e+27,-25.40713673193706,True
92.48248248248248,2.0338337904967304e+27,-25.43757754534601,True
92.50250250250251,2.0387010145971463e+27,-25.468044026247753,True
92.52252252252252,2.0435780823442693e+27,-25.498535610817253,True
92.54254254254255,2.0484649175005365e+27,-25.529051733318692,True
92.56256256256256,2.053361443103021e+27,-25.55959182612478,True
92.58258258258259,2.0582675814639283e+27,-25.590155319736528,True
92.6026026026026,2.0631832541710838e+27,-25.620741642802685,True
92.62262262262263,2.0681083820885234e+27,-25.651350222139595,True
92.64264264264264,2.073042885357081e+27,-25.68198048275078,True
92.66266266266267,2.0779866833950723e+27,-25.712631847846897,True
92.68268268268268,2.082939694898978e+27,-25.743303738865396,True
92.70270270270271,2.0879018378442273e+27,-25.773995575490602,True
92.72272272272272,2.0928730294859767e+27,-25.80470677567349,True
92.74274274274275,2.097853186359993e+27,-25.83543675565185,True
92.76276276276276,2.1028422242835273e+27,-25.86618492997014,True
92.78278278278279,2.107840058356298e+27,-25.896950711499752,True
92.8028028028028,2.1128466029614627e+27,-25.927733511459,True
92.82282282282283,2.1178617717667025e+27,-25.95853273943344,True
92.84284284284284,2.1228854777252898e+27,-25.989347803395933,True
92.86286286286287,2.127917633077272e+27,-26.020178109727077,True
92.88288288288288,2.1329581493506425e+27,-26.051023063235338,True
92.90290290290291,2.1380069373626225e+27,-26.081882067177578,True
92.92292292292292,2.143063907220931e+27,-26.11275452327926,True
92.94294294294295,2.1481289683251678e+27,-26.143639831755035,True
92.96296296296296,2.153202029368187e+27,-26.17453739132905,True
92.98298298298299,2.1582829983375773e+27,-26.205446599255602,True
93.003003003003,2.1633717825171387e+27,-26.236366851339504,True
93.02302302302303,2.168468288488465e+27,-26.267297541956818,True
93.04304304304304,2.1735724221325183e+27,-26.29823806407529,True
93.06306306306307,2.1786840886313194e+27,-26.329187809275133,True
93.08308308308308,2.1838031924696204e+27,-26.360146167769553,True
93.10310310310311,2.188929637436697e+27,-26.39111252842558,True
93.12312312312312,2.194063326628127e+27,-26.422086278784644,True
93.14314314314315,2.199204162447682e+27,-26.45306680508347,True
93.16316316316316,2.2043520466092103e+27,-26.48405349227473,True
93.18318318318319,2.2095068801386307e+27,-26.51504572404795,True
93.2032032032032,2.2146685633759208e+27,-26.54604288285026,True
93.22322322322323,2.21983699597721e+27,-26.57704434990732,True
93.24324324324324,2.225012076916876e+27,-26.608049505244136,True
93.26326326326327,2.2301937044897385e+27,-26.63905772770602,True
93.28328328328328,2.2353817763132592e+27,-26.670068394979452,True
93.30330330330331,2.2405761893298416e+27,-26.70108088361312,True
93.32332332332332,2.2457768398091304e+27,-26.73209456903874,True
93.34334334334335,2.250983623350422e+27,-26.763108825592234,True
93.36336336336336,2.2561964348850632e+27,-26.794123026534535,True
93.38338338338339,2.2614151686789642e+27,-26.825136544072787,True
93.4034034034034,2.2666397183351065e+27,-26.856148749381216,True
93.42342342342343,2.2718699767961587e+27,-26.887159012622377,True
93.44344344344344,2.2771058363470873e+27,-26.918166702968016,True
93.46346346346347,2.2823471886178765e+27,-26.94917118862036,True
93.48348348348348,2.2875939245862438e+27,-26.980171836833012,True
93.50350350350351,2.292845934580467e+27,-27.011168013932277,True
93.52352352352352,2.2981031082822012e+27,-27.042159085338085,True
93.54354354354355,2.30336533472941e+27,-27.0731444155853,True
93.56356356356356,2.3086325023192887e+27,-27.104123368344702,True
93.58358358358359,2.3139044988112997e+27,-27.135095306444327,True
93.6036036036036,2.3191812113301992e+27,-27.166059591890424,True
93.62362362362363,2.324462526369176e+27,-27.197015585888852,True
93.64364364364364,2.3297483297929852e+27,-27.22796264886604,True
93.66366366366367,2.3350385068411903e+27,-27.258900140490375,True
93.68368368368368,2.3403329421313988e+27,-27.289827419693232,True
93.70370370370371,2.3456315196626117e+27,-27.3207438446903,True
93.72372372372372,2.3509341228185612e+27,-27.351648773002683,True
93.74374374374375,2.3562406343711642e+27,-27.382541561478202,True
93.76376376376376,2.3615509364839654e+27,-27.413421566312522,True
93.78378378378379,2.3668649107156918e+27,-27.444288143070448,True
93.8038038038038,2.3721824380238027e+27,-27.475140646707022,True
93.82382382382383,2.3775033987681455e+27,-27.505978431588918,True
93.84384384384384,2.3828276727146082e+27,-27.536800851515448,True
93.86386386386387,2.3881551390388807e+27,-27.567607259739972,True
93.88388388388388,2.3934856763302105e+27,-27.59839700899095,True
93.90390390390391,2.398819162595265e+27,-27.629169451493322,True
93.92392392392392,2.4041554752619893e+27,-27.659923938989518,True
93.94394394394395,2.4094944911835744e+27,-27.690659822760896,True
93.96396396396396,2.4148360866424135e+27,-27.72137645364872,True
93.98398398398399,2.4201801373541762e+27,-27.752073182075573,True
94.004004004004,2.4255265184718642e+27,-27.78274935806634,True
94.02402402402403,2.430875104589986e+27,-27.813404331269627,True
94.04404404404404,2.4362257697487157e+27,-27.8440374509787,True
94.06406406406407,2.4415783874381698e+27,-27.874648066152893,True
94.08408408408408,2.4469328306026678e+27,-27.905235525438588,True
94.10410410410411,2.452288971645106e+27,-27.93579917719054,True
94.12412412412412,2.4576466824313182e+27,-27.96633836949285,True
94.14414414414415,2.4630058342945543e+27,-27.996852450180327,True
94.16416416416416,2.4683662980399396e+27,-28.02734076685938,True
94.18418418418419,2.4737279439490482e+27,-28.05780266692936,True
94.2042042042042,2.479090641784467e+27,-28.08823749760349,True
94.22422422422423,2.484454260794465e+27,-28.118644605930143,True
94.24424424424424,2.4898186697176577e+27,-28.149023338813723,True
94.26426426426427,2.495183736787773e+27,-28.17937304303596,True
94.28428428428428,2.500549329738414e+27,-28.20969306527677,True
94.30430430430431,2.505915315807923e+27,-28.239982752135475,True
94.32432432432432,2.5112815617442394e+27,-28.270241450151683,True
94.34434434434435,2.516647933809864e+27,-28.300468505826455,True
94.36436436436436,2.5220142977868097e+27,-28.33066326564312,True
94.38438438438439,2.5273805189816644e+27,-28.3608250760885,True
94.4044044044044,2.532746462230634e+27,-28.390953283673618,True
94.42442442442443,2.5381119919047033e+27,-28.42104723495488,True
94.44444444444444,2.5434769719147746e+27,-28.451106276554825,True
94.46446446446447,2.548841265716918e+27,-28.481129755183186,True
94.48448448448448,2.55420473631761e+27,-28.51111701765765,True
94.50450450450451,2.5595672462790706e+27,-28.541067410924875,True
94.52452452452452,2.5649286577245987e+27,-28.570980282081187,True
94.54454454454455,2.570288832344004e+27,-28.600854978393592,True
94.56456456456456,2.5756476313990275e+27,-28.630690847320384,True
94.58458458458459,2.5810049157288696e+27,-28.66048723653217,True
94.6046046046046,2.5863605457557e+27,-28.690243493932396,True
94.62462462462463,2.591714381490278e+27,-28.719958967678313,True
94.64464464464464,2.5970662825375495e+27,-28.749633006201513,True
94.66466466466467,2.6024161081023556e+27,-28.779264958228808,True
94.68468468468468,2.6077637169951244e+27,-28.808854172802718,True
94.70470470470471,2.613108967637662e+27,-28.8383999993023,True
94.72472472472472,2.6184517180689316e+27,-28.867901787463595,True
94.74474474474475,2.623791825950935e+27,-28.89735888740041,True
94.76476476476476,2.6291291485745785e+27,-28.92677064962471,True
94.78478478478479,2.6344635428656376e+27,-28.95613642506734,True
94.8048048048048,2.6397948653907067e+27,-28.985455565098345,True
94.82482482482483,2.645122972363252e+27,-29.01472742154769,True
94.84484484484484,2.6504477196496455e+27,-29.043951346725486,True
94.86486486486487,2.655768962775297e+27,-29.07312669344262,True
94.88488488488488,2.6610865569307727e+27,-29.102252815030997,True
94.90490490490491,2.666400356978013e+27,-29.131329065364067,True
94.92492492492492,2.67171021745653e+27,-29.16035479887702,True
94.94494494494495,2.677015992589701e+27,-29.189329370587224,True
94.96496496496496,2.682317536291051e+27,-29.218252136114376,True
94.98498498498499,2.6876147021706295e+27,-29.24712245170092,True
95.005005005005,2.6929073435413637e+27,-29.27593967423207,True
95.02502502502503,2.6981953134255157e+27,-29.304703161256167,True
95.04504504504504,2.7034784645611153e+27,-29.33341227100468,True
95.06506506506507,2.7087566494084934e+27,-29.36206636241248,True
95.08508508508508,2.714029720156787e+27,-29.39066479513775,True
95.10510510510511,2.71929752873055e+27,-29.419206929582188,True
95.12512512512512,2.724559926796335e+27,-29.447692126910898,True
95.14514514514515,2.729816765769372e+27,-29.476119749072478,True
95.16516516516516,2.735067896820227e+27,-29.50448915881885,True
95.18518518518519,2.740313170881551e+27,-29.53279971972525,True
95.2052052052052,2.745552438654812e+27,-29.56105079621005,True
95.22522522522523,2.7507855506171104e+27,-29.589241753554624,True
95.24524524524524,2.756012357027983e+27,-29.61737195792308,True
95.26526526526527,2.761232707936289e+27,-29.6454407763821,True
95.28528528528528,2.7664464531870757e+27,-29.67344757692054,True
95.30530530530531,2.771653442428539e+27,-29.70139172846927,True
95.32532532532532,2.776853525118952e+27,-29.729272600920613,True
95.34534534534535,2.782046550533687e+27,-29.757089565148128,True
95.36536536536536,2.787232367772216e+27,-29.784841993025985,True
95.38538538538539,2.792410825765192e+27,-29.812529257448684,True
95.4054054054054,2.797581773281512e+27,-29.84015073235032,True
95.42542542542543,2.802745058935462e+27,-29.867705792724173,True
95.44544544544544,2.807900531193839e+27,-29.895193814641985,True
95.46546546546547,2.81304803838316e+27,-29.922614175273424,True
95.48548548548548,2.818187428696838e+27,-29.949966252905217,True
95.50550550550551,2.8233185502024507e+27,-29.97724942696062,True
95.52552552552552,2.8284412508489787e+27,-30.004463078018425,True
95.54554554554555,2.8335553784741254e+27,-30.031606587832314,True
95.56556556556556,2.838660780811611e+27,-30.058679339349798,True
95.58558558558559,2.843757305498549e+27,-30.085680716731495,True
95.6056056056056,2.848844800082793e+27,-30.11261010536997,True
95.62562562562563,2.8539231120303644e+27,-30.1394668919089,True
95.64564564564564,2.858992088732855e+27,-30.166250464261843,True
95.66566566566567,2.8640515775149026e+27,-30.192960211631295,True
95.68568568568568,2.8691014256416404e+27,-30.219595524527392,True
95.70570570570571,2.874141480326226e+27,-30.246155794786834,True
95.72572572572572,2.8791715887373394e+27,-30.272640415591496,True
95.74574574574575,2.884191598006753e+27,-30.299048781487286,True
95.76576576576576,2.889201355236878e+27,-30.325380288402634,True
95.78578578578579,2.894200707508384e+27,-30.35163433366724,True
95.8058058058058,2.899189501887783e+27,-30.377810316030484,True
95.82582582582583,2.9041675854350897e+27,-30.403907635680067,True
95.84584584584584,2.9091348052114567e+27,-30.429925694260323,True
95.86586586586587,2.914091008286869e+27,-30.455863894890754,True
95.88588588588588,2.9190360417478135e+27,-30.481721642184205,True
95.90590590590591,2.923969752705025e+27,-30.507498342265357,True
95.92592592592592,2.9288919883011844e+27,-30.53319340278877,True
95.94594594594595,2.9338025957186997e+27,-30.558806232957238,True
95.96596596596596,2.9387014221874457e+27,-30.58433624353978,True
95.98598598598599,2.9435883149925757e+27,-30.609782846889846,True
96.006006006006,2.948463121482293e+27,-30.6351454569632,True
96.02602602602603,2.9533256890756994e+27,-30.66042348933608,True
96.04604604604604,2.9581758652705925e+27,-30.685616361222873,True
96.06606606606607,2.963013497651345e+27,-30.71072349149419,True
96.08608608608608,2.9678384338967373e+27,-30.735744300694524,True
96.10610610610611,2.972650521787855e+27,-30.760678211060096,True
96.12612612612612,2.9774496092159504e+27,-30.785524646536423,True
96.14614614614615,2.9822355441903723e+27,-30.81028303279611,True
96.16616616616616,2.9870081748464454e+27,-30.834952797256243,True
96.18618618618619,2.9917673494534214e+27,-30.859533369096063,True
96.2062062062062,2.9965129164223867e+27,-30.884024179274295,True
96.22622622622623,3.0012447243142313e+27,-30.908424660546657,True
96.24624624624624,3.005962621847574e+27,-30.932734247483072,True
96.26626626626627,3.0106664579067546e+27,-30.956952376485077,True
96.28628628628628,3.015356081549773e+27,-30.98107848580292,True
96.30630630630631,3.0200313420162994e+27,-31.00511201555283,True
96.32632632632632,3.0246920887356265e+27,-31.029052407733975,True
96.34634634634635,3.029338171334695e+27,-31.052899106245658,True
96.36636636636636,3.033969439646062e+27,-31.076651556904118,True
96.38638638638639,3.038585743715931e+27,-31.10030920745959,True
96.4064064064064,3.043186933812136e+27,-31.12387150761302,True
96.42642642642643,3.047772860432179e+27,-31.14733790903298,True
96.44644644644644,3.0523433743112216e+27,-31.170707865372236,True
96.46646646646647,3.056898326430132e+27,-31.193980832284556,True
96.48648648648648,3.0614375680234804e+27,-31.21715626744115,True
96.50650650650651,3.0659609505875875e+27,-31.24023363054735,True
96.52652652652652,3.07046832588853e+27,-31.26321238335892,True
96.54654654654655,3.074959545970186e+27,-31.28609198969857,True
96.56656656656656,3.07943446316224e+27,-31.30887191547218,True
96.58658658658659,3.0838929300882365e+27,-31.33155162868518,True
96.6066066066066,3.0883347996735754e+27,-31.354130599458614,True
96.62662662662663,3.0927599251535634e+27,-31.37660830004539,True
96.64664664664664,3.0971681600814074e+27,-31.398984204846215,True
96.66666666666667,3.1015593583362644e+27,-31.421257790425734,True
96.68668668668668,3.1059333741312226e+27,-31.443428535528277,True
96.70670670670671,3.110290062021344e+27,-31.465495921093893,True
96.72672672672672,3.114629276911641e+27,-31.487459430273965,True
96.74674674674675,3.1189508740651066e+27,-31.509318548447077,True
96.76676676676676,3.12325470911068e+27,-31.53107276323454,True
96.78678678678679,3.127540638051261e+27,-31.55272156451605,True
96.8068068068068,3.131808517271669e+27,-31.57426444444511,True
96.82682682682683,3.1360582035466346e+27,-31.595700897464543,True
96.84684684684684,3.140289554048748e+27,-31.617030420321786,True
96.86686686686687,3.144502426356433e+27,-31.638252512084243,True
96.88688688688688,3.1486966784618726e+27,-31.65936667415441,True
96.90690690690691,3.1528721687789664e+27,-31.680372410285134,True
96.92692692692692,3.157028756151234e+27,-31.701269226594544,True
96.94694694694695,3.16116629985975e+27,-31.722056631581193,True
96.96696696696696,3.1652846596310264e+27,-31.742734136138854,True
96.98698698698699,3.169383695644919e+27,-31.763301253571463,True
97.007007007007,3.1734632685424845e+27,-31.783757499607777,True
97.02702702702703,3.177523239433862e+27,-31.804102392416237,True
97.04704704704704,3.181563469906098e+27,-31.82433545261939,True
97.06706706706707,3.1855838220310036e+27,-31.84445620330865,True
97.08708708708708,3.189584158372943e+27,-31.864464170058547,True
97.10710710710711,3.193564341996658e+27,-31.8843588809413,True
97.12712712712712,3.1975242364750306e+27,-31.904139866540994,True
97.14714714714715,3.201463705896865e+27,-31.92380665996796,True
97.16716716716716,3.205382614874617e+27,-31.943358796872776,True
97.18718718718719,3.209280828552139e+27,-31.962795815460492,True
97.2072072072072,3.2131582126123693e+27,-31.982117256504505,True
97.22722722722723,3.217014633285045e+27,-32.00132266336062,True
97.24724724724724,3.220849957354339e+27,-32.02041158198073,True
97.26726726726727,3.224664052166536e+27,-32.039383560926765,True
97.28728728728728,3.228456785637631e+27,-32.0582381513842,True
97.30730730730731,3.232228026260952e+27,-32.076974907175796,True
97.32732732732732,3.2359776431147195e+27,-32.09559338477503,True
97.34734734734735,3.239705505869619e+27,-32.1140931433196,True
97.36736736736736,3.2434114847963135e+27,-32.13247374462473,True
97.38738738738739,3.247095450772967e+27,-32.15073475319651,True
97.4074074074074,3.250757275292703e+27,-32.16887573624502,True
97.42742742742743,3.25439683047108e+27,-32.186896263697534,True
97.44744744744744,3.2580139890534986e+27,-32.20479590821143,True
97.46746746746747,3.261608624422617e+27,-32.22257424518725,True
97.48748748748748,3.2651806106057057e+27,-32.240230852781515,True
97.50750750750751,3.2687298222820057e+27,-32.257765311919485,True
97.52752752752752,3.2722561347900276e+27,-32.27517720630789,True
97.54754754754755,3.27575942413485e+27,-32.292466122447514,True
97.56756756756756,3.2792395669953537e+27,-32.309631649645716,True
97.58758758758759,3.282696440731465e+27,-32.326673380028936,True
97.6076076076076,3.286129923391326e+27,-32.34359090855492,True
97.62762762762763,3.289539893718469e+27,-32.36038383302512,True
97.64764764764764,3.292926231158929e+27,-32.377051754096755,True
97.66766766766767,3.2962888158683475e+27,-32.39359427529503,True
97.68768768768768,3.299627528719019e+27,-32.41001100302502,True
97.70770770770771,3.3029422513069267e+27,-32.4263015465837,True
97.72772772772772,3.3062328659587174e+27,-32.442465518171666,True
97.74774774774775,3.30949925573867e+27,-32.45850253290496,True
97.76776776776777,3.3127413044555943e+27,-32.47441220882668,True
97.78778778778779,3.3159588966697314e+27,-32.4901941669186,True
97.8078078078078,3.319151917699573e+27,-32.50584803111255,True
97.82782782782783,3.3223202536286887e+27,-32.5213734283019,True
97.84784784784785,3.3254637913124715e+27,-32.53676998835278,True
97.86786786786787,3.3285824183848836e+27,-32.55203734411538,True
97.88788788788789,3.331676023265124e+27,-32.56717513143494,True
97.90790790790791,3.334744495164295e+27,-32.58218298916288,True
97.92792792792793,3.33778772409199e+27,-32.597060559167694,True
97.94794794794795,3.3408056008628774e+27,-32.611807486345775,True
97.96796796796797,3.3437980171032037e+27,-32.62642341863221,True
97.98798798798799,3.346764865257292e+27,-32.6409080070114,True
98.008008008008,3.3497060385939655e+27,-32.65526090552762,True
98.02802802802803,3.3526214312129557e+27,-32.66948177129556,True
98.04804804804805,3.355510938051236e+27,-32.68357026451058,True
98.06806806806807,3.3583744548893464e+27,-32.697526048459174,True
98.08808808808809,3.361211878357633e+27,-32.71134878952896,True
98.10810810810811,3.364023105942487e+27,-32.72503815721897,True
98.12812812812813,3.366808035992489e+27,-32.73859382414949,True
98.14814814814815,3.369566567724553e+27,-32.752015466072116,True
98.16816816816817,3.372298601229982e+27,-32.76530276187946,True
98.18818818818819,3.375004037480515e+27,-32.77845539361493,True
98.2082082082082,3.3776827783342875e+27,-32.79147304648232,True
98.22822822822823,3.3803347265417777e+27,-32.80435540885541,True
98.24824824824825,3.382959785751675e+27,-32.81710217228726,True
98.26826826826827,3.3855578605167247e+27,-32.82971303151974,True
98.28828828828829,3.388128856299494e+27,-32.84218768449257,True
98.30830830830831,3.39067267947812e+27,-32.85452583235266,True
98.32832832832833,3.393189237351973e+27,-32.86672717946296,True
98.34834834834835,3.3956784381472985e+27,-32.8787914334116,True
98.36836836836837,3.398140191022782e+27,-32.8907183050206,True
98.38838838838839,3.400574406075083e+27,-32.902507508354695,True
98.4084084084084,3.4029809943442913e+27,-32.91415876072996,True
98.42842842842843,3.4053598678193604e+27,-32.92567178272242,True
98.44844844844845,3.407710939443454e+27,-32.937046298176426,True
98.46846846846847,3.410034123119272e+27,-32.94828203421311,True
98.48848848848849,3.412329333714281e+27,-32.95937872123855,True
98.50850850850851,3.414596487065939e+27,-32.97033609295204,True
98.52852852852853,3.416835499986813e+27,-32.981153886354036,True
98.54854854854855,3.4190462902696836e+27,-32.991831841754234,True
98.56856856856857,3.421228776692562e+27,-33.00236970277934,True
98.58858858858859,3.423382879023673e+27,-33.0127672163809,True
98.6086086086086,3.4255085180263565e+27,-33.023024132842906,True
98.62862862862863,3.427605615463938e+27,-33.033140205789394,True
98.64864864864865,3.4296740941045175e+27,-33.0431151921919,True
98.66866866866867,3.431713877725716e+27,-33.05294885237682,True
98.68868868868869,3.433724891119347e+27,-33.06264095003264,True
98.70870870870871,3.43570706009605e+27,-33.07219125221714,True
98.72872872872873,3.4376603114898377e+27,-33.08159952936438,True
98.74874874874875,3.4395845731626093e+27,-33.09086555529176,True
98.76876876876877,3.44147977400858e+27,-33.09998910720673,True
98.78878878878879,3.443345843958668e+27,-33.108969965713676,True
98.8088088088088,3.445182713984803e+27,-33.117807914820446,True
98.82882882882883,3.4469903161041906e+27,-33.126502741944975,True
98.84884884884885,3.448768583383498e+27,-33.135054237921665,True
98.86886886886887,3.45051744994299e+27,-33.143462197007786,True
98.88888888888889,3.4522368509605903e+27,-33.15172641688962,True
98.90890890890891,3.4539267226758933e+27,-33.15984669868869,True
98.92892892892893,3.4555870023940956e+27,-33.16782284696769,True
98.94894894894895,3.457217628489881e+27,-33.17565466973645,True
98.96896896896897,3.458818540411226e+27,-33.18334197845777,True
98.988988988989,3.460389678683152e+27,-33.190884588053066,True
99.009009009009,3.4619309849114017e+27,-33.19828231690805,True
99.02902902902903,3.4634424017860645e+27,-33.2055349868782,True
99.04904904904905,3.464923873085119e+27,-33.21264242329412,True
99.06906906906907,3.4663753436779266e+27,-33.21960445496689,True
99.08908908908909,3.4677967595286423e+27,-33.22642091419323,True
99.10910910910911,3.469188067699576e+27,-33.233091636760555,True
99.12912912912913,3.4705492163544706e+27,-33.239616461952,True
99.14914914914915,3.471880154761727e+27,-33.24599523255122,True
99.16916916916917,3.473180833297551e+27,-33.25222779484725,True
99.1891891891892,3.474451203449038e+27,-33.25831399863904,True
99.2092092092092,3.475691217817191e+27,-33.264253697240115,True
99.22922922922923,3.4769008301198653e+27,-33.27004674748295,True
99.24924924924925,3.4780799951946463e+27,-33.27569300972335,True
99.26926926926927,3.4792286690016657e+27,-33.28119234784464,True
99.28928928928929,3.4803468086263354e+27,-33.286544629261826,True
99.30930930930931,3.481434372282025e+27,-33.29174972492559,True
99.32932932932933,3.4824913193126615e+27,-33.29680750932619,True
99.34934934934935,3.4835176101952653e+27,-33.301717860497334,True
99.36936936936937,3.4845132065424094e+27,-33.30648066001976,True
99.3893893893894,3.485478071104616e+27,-33.311095793024904,True
99.4094094094094,3.4864121677726763e+27,-33.31556314819838,True
99.42942942942943,3.487315461579906e+27,-33.3198826177833,True
99.44944944944945,3.488187918704323e+27,-33.32405409758361,True
99.46946946946947,3.489029506470763e+27,-33.3280774869672,True
99.48948948948949,3.4898401933529104e+27,-33.33195268886892,True
99.50950950950951,3.490619948975281e+27,-33.33567960979363,True
99.52952952952953,3.491368744115101e+27,-33.33925815981894,True
99.54954954954955,3.492086550704149e+27,-33.34268825259794,True
99.56956956956957,3.492773341830497e+27,-33.34596980536187,True
99.5895895895896,3.4934290917401997e+27,-33.349102738922596,True
99.6096096096096,3.4940537758389003e+27,-33.35208697767499,True
99.62962962962963,3.4946473706933696e+27,-33.35492244959928,True
99.64964964964965,3.4952098540329694e+27,-33.35760908626314,True
99.66966966966967,3.495741204751047e+27,-33.36014682282387,True
99.68968968968969,3.4962414029062543e+27,-33.36253559803028,True
99.70970970970971,3.496710429723795e+27,-33.36477535422457,True
99.72972972972973,3.4971482675965985e+27,-33.36686603734412,True
99.74974974974975,3.4975549000864234e+27,-33.36880759692306,True
99.76976976976977,3.497930311924884e+27,-33.370599986093836,True
99.7897897897898,3.498274489014407e+27,-33.37224316158863,True
99.8098098098098,3.498587418429114e+27,-33.373737083740664,True
99.82982982982983,3.49886908841563e+27,-33.375081716485404,True
99.84984984984985,3.499119488393817e+27,-33.37627702736166,True
99.86986986986987,3.499338608957443e+27,-33.37732298751256,True
99.88988988988989,3.4995264418747627e+27,-33.37821957168641,True
99.90990990990991,3.499682980089038e+27,-33.378966758237496,True
99.92992992992993,3.49980821771898e+27,-33.379564529126746,True
99.94994994994995,3.499902150059112e+27,-33.38001286992219,True
99.96996996996997,3.4999647735800727e+27,-33.380311769799505,True
99.98998998999,3.4999960859288296e+27,-33.380461221542305,True
100.01001001001,3.4999960859288296e+27,-33.380461221542305,True
100.03003003003003,3.4999647735800727e+27,-33.380311769799505,True
100.05005005005005,3.499902150059112e+27,-33.38001286992219,True
100.07007007007007,3.49980821771898e+27,-33.379564529126746,True
100.09009009009009,3.499682980089038e+27,-33.378966758237496,True
100.11011011011011,3.4995264418747627e+27,-33.37821957168641,True
100.13013013013013,3.499338608957443e+27,-33.37732298751256,True
100.15015015015015,3.499119488393817e+27,-33.37627702736166,True
100.17017017017017,3.49886908841563e+27,-33.375081716485404,True
100.1901901901902,3.498587418429114e+27,-33.373737083740664,True
100.2102102102102,3.498274489014407e+27,-33.37224316158863,True
100.23023023023023,3.497930311924884e+27,-33.370599986093836,True
100.25025025025025,3.4975549000864234e+27,-33.36880759692306,True
100.27027027027027,3.4971482675965985e+27,-33.36686603734412,True
100.29029029029029,3.496710429723795e+27,-33.36477535422457,True
100.31031031031031,3.4962414029062543e+27,-33.36253559803028,True
100.33033033033033,3.495741204751047e+27,-33.36014682282387,True
100.35035035035035,3.4952098540329694e+27,-33.35760908626314,True
100.37037037037037,3.4946473706933696e+27,-33.35492244959928,True
100.3903903903904,3.4940537758389003e+27,-33.35208697767499,True
100.4104104104104,3.4934290917401997e+27,-33.349102738922596,True
100.43043043043043,3.492773341830497e+27,-33.34596980536187,True
100.45045045045045,3.492086550704149e+27,-33.34268825259794,True
100.47047047047047,3.491368744115101e+27,-33.33925815981894,True
100.49049049049049,3.490619948975281e+27,-33.33567960979363,True
100.51051051051051,3.4898401933529104e+27,-33.33195268886892,True
100.53053053053053,3.489029506470763e+27,-33.3280774869672,True
100.55055055055055,3.488187918704323e+27,-33.32405409758361,True
100.57057057057057,3.487315461579906e+27,-33.3198826177833,True
100.5905905905906,3.4864121677726763e+27,-33.31556314819838,True
100.6106106106106,3.485478071104616e+27,-33.311095793024904,True
100.63063063063063,3.4845132065424094e+27,-33.30648066001976,True
100.65065065065065,3.4835176101952653e+27,-33.301717860497334,True
100.67067067067067,3.4824913193126615e+27,-33.29680750932619,True
100.69069069069069,3.481434372282025e+27,-33.29174972492559,True
100.71071071071071,3.4803468086263354e+27,-33.286544629261826,True
100.73073073073073,3.4792286690016657e+27,-33.28119234784464,True
100.75075075075075,3.4780799951946463e+27,-33.27569300972335,True
100.77077077077077,3.4769008301198653e+27,-33.27004674748295,True
100.7907907907908,3.475691217817191e+27,-33.264253697240115,True
100.8108108108108,3.474451203449038e+27,-33.25831399863904,True
100.83083083083083,3.473180833297551e+27,-33.25222779484725,True
100.85085085085085,3.471880154761727e+27,-33.24599523255122,True
100.87087087087087,3.4705492163544706e+27,-33.239616461952,True
100.89089089089089,3.469188067699576e+27,-33.233091636760555,True
100.91091091091091,3.4677967595286423e+27,-33.22642091419323,True
100.93093093093093,3.4663753436779266e+27,-33.21960445496689,True
100.95095095095095,3.464923873085119e+27,-33.21264242329412,True
100.97097097097097,3.4634424017860645e+27,-33.2055349868782,True
100.990990990991,3.4619309849114017e+27,-33.19828231690805,True
101.011011011011,3.460389678683152e+27,-33.190884588053066,True
101.03103103103103,3.458818540411226e+27,-33.18334197845777,True
101.05105105105105,3.457217628489881e+27,-33.17565466973645,True
101.07107107107107,3.4555870023940956e+27,-33.16782284696769,True
101.09109109109109,3.4539267226758933e+27,-33.15984669868869,True
101.11111111111111,3.4522368509605903e+27,-33.15172641688962,True
101.13113113113113,3.45051744994299e+27,-33.143462197007786,True
101.15115115115115,3.448768583383498e+27,-33.135054237921665,True
101.17117117117117,3.4469903161041906e+27,-33.126502741944975,True
101.1911911911912,3.445182713984803e+27,-33.117807914820446,True
101.21121121121121,3.443345843958668e+27,-33.108969965713676,True
101.23123123123123,3.44147977400858e+27,-33.09998910720673,True
101.25125125125125,3.4395845731626093e+27,-33.09086555529176,True
101.27127127127127,3.4376603114898377e+27,-33.08159952936438,True
101.29129129129129,3.43570706009605e+27,-33.07219125221714,True
101.31131131131131,3.433724891119347e+27,-33.06264095003264,True
101.33133133133133,3.431713877725716e+27,-33.05294885237682,True
101.35135135135135,3.4296740941045175e+27,-33.0431151921919,True
101.37137137137137,3.427605615463938e+27,-33.033140205789394,True
101.3913913913914,3.4255085180263565e+27,-33.023024132842906,True
101.41141141141141,3.423382879023673e+27,-33.0127672163809,True
101.43143143143143,3.421228776692562e+27,-33.00236970277934,True
101.45145145145145,3.4190462902696836e+27,-32.991831841754234,True
101.47147147147147,3.416835499986813e+27,-32.981153886354036,True
101.49149149149149,3.414596487065939e+27,-32.97033609295204,True
101.51151151151151,3.412329333714281e+27,-32.95937872123855,True
101.53153153153153,3.410034123119272e+27,-32.94828203421311,True
101.55155155155155,3.407710939443454e+27,-32.937046298176426,True
101.57157157157157,3.4053598678193604e+27,-32.92567178272242,True
101.5915915915916,3.4029809943442913e+27,-32.91415876072996,True
101.61161161161161,3.400574406075083e+27,-32.902507508354695,True
101.63163163163163,3.398140191022782e+27,-32.8907183050206,True
101.65165165165165,3.3956784381472985e+27,-32.8787914334116,True
101.67167167167167,3.393189237351973e+27,-32.86672717946296,True
101.69169169169169,3.39067267947812e+27,-32.85452583235266,True
101.71171171171171,3.388128856299494e+27,-32.84218768449257,True
101.73173173173173,3.3855578605167247e+27,-32.82971303151974,True
101.75175175175175,3.382959785751675e+27,-32.81710217228726,True
101.77177177177177,3.3803347265417777e+27,-32.80435540885541,True
101.7917917917918,3.3776827783342875e+27,-32.79147304648232,True
101.81181181181181,3.375004037480515e+27,-32.77845539361493,True
101.83183183183183,3.372298601229982e+27,-32.76530276187946,True
101.85185185185185,3.369566567724553e+27,-32.752015466072116,True
101.87187187187187,3.366808035992489e+27,-32.73859382414949,True
101.89189189189189,3.364023105942487e+27,-32.72503815721897,True
101.91191191191191,3.361211878357633e+27,-32.71134878952896,True
101.93193193193193,3.3583744548893464e+27,-32.697526048459174,True
101.95195195195195,3.355510938051236e+27,-32.68357026451058,True
101.97197197197197,3.3526214312129557e+27,-32.66948177129556,True
101.991991991992,3.3497060385939655e+27,-32.65526090552762,True
102.01201201201201,3.346764865257292e+27,-32.6409080070114,True
102.03203203203203,3.3437980171032037e+27,-32.62642341863221,True
102.05205205205205,3.3408056008628774e+27,-32.611807486345775,True
102.07207207207207,3.33778772409199e+27,-32.597060559167694,True
102.09209209209209,3.334744495164295e+27,-32.58218298916288,True
102.11211211211211,3.331676023265124e+27,-32.56717513143494,True
102.13213213213213,3.3285824183848836e+27,-32.55203734411538,True
102.15215215215215,3.3254637913124715e+27,-32.53676998835278,True
102.17217217217217,3.3223202536286887e+27,-32.5213734283019,True
102.1921921921922,3.319151917699573e+27,-32.50584803111255,True
102.21221221221221,3.3159588966697314e+27,-32.4901941669186,True
102.23223223223223,3.3127413044555943e+27,-32.47441220882668,True
102.25225225225225,3.30949925573867e+27,-32.45850253290496,True
102.27227227227228,3.3062328659587174e+27,-32.442465518171666,True
102.29229229229229,3.3029422513069267e+27,-32.4263015465837,True
102.31231231231232,3.299627528719019e+27,-32.41001100302502,True
102.33233233233233,3.2962888158683475e+27,-32.39359427529503,True
102.35235235235236,3.292926231158929e+27,-32.377051754096755,True
102.37237237237237,3.289539893718469e+27,-32.36038383302512,True
102.3923923923924,3.286129923391326e+27,-32.34359090855492,True
102.41241241241241,3.282696440731465e+27,-32.326673380028936,True
102.43243243243244,3.2792395669953537e+27,-32.309631649645716,True
102.45245245245245,3.27575942413485e+27,-32.292466122447514,True
102.47247247247248,3.2722561347900276e+27,-32.27517720630789,True
102.49249249249249,3.2687298222820057e+27,-32.257765311919485,True
102.51251251251252,3.2651806106057057e+27,-32.240230852781515,True
102.53253253253253,3.261608624422617e+27,-32.22257424518725,True
102.55255255255256,3.2580139890534986e+27,-32.20479590821143,True
102.57257257257257,3.25439683047108e+27,-32.186896263697534,True
102.5925925925926,3.250757275292703e+27,-32.16887573624502,True
102.61261261261261,3.247095450772967e+27,-32.15073475319651,True
102.63263263263264,3.2434114847963135e+27,-32.13247374462473,True
102.65265265265265,3.239705505869619e+27,-32.1140931433196,True
102.67267267267268,3.2359776431147195e+27,-32.09559338477503,True
102.69269269269269,3.232228026260952e+27,-32.076974907175796,True
102.71271271271272,3.228456785637631e+27,-32.0582381513842,True
102.73273273273273,3.224664052166536e+27,-32.039383560926765,True
102.75275275275276,3.220849957354339e+27,-32.02041158198073,True
102.77277277277277,3.217014633285045e+27,-32.00132266336062,True
102.7927927927928,3.2131582126123693e+27,-31.982117256504505,True
102.81281281281281,3.209280828552139e+27,-31.962795815460492,True
102.83283283283284,3.205382614874617e+27,-31.943358796872776,True
102.85285285285285,3.201463705896865e+27,-31.92380665996796,True
102.87287287287288,3.1975242364750306e+27,-31.904139866540994,True
102.89289289289289,3.193564341996658e+27,-31.8843588809413,True
102.91291291291292,3.189584158372943e+27,-31.864464170058547,True
102.93293293293293,3.1855838220310036e+27,-31.84445620330865,True
102.95295295295296,3.181563469906098e+27,-31.82433545261939,True
102.97297297297297,3.177523239433862e+27,-31.804102392416237,True
102.992992992993,3.1734632685424845e+27,-31.783757499607777,True
103.01301301301301,3.169383695644919e+27,-31.763301253571463,True
103.03303303303304,3.1652846596310264e+27,-31.742734136138854,True
103.05305305305305,3.16116629985975e+27,-31.722056631581193,True
103.07307307307308,3.157028756151234e+27,-31.701269226594544,True
103.09309309309309,3.1528721687789664e+27,-31.680372410285134,True
103.11311311311312,3.1486966784618726e+27,-31.65936667415441,True
103.13313313313313,3.144502426356433e+27,-31.638252512084243,True
103.15315315315316,3.140289554048748e+27,-31.617030420321786,True
103.17317317317317,3.1360582035466346e+27,-31.595700897464543,True
103.1931931931932,3.131808517271669e+27,-31.57426444444511,True
103.21321321321321,3.127540638051261e+27,-31.55272156451605,True
103.23323323323324,3.12325470911068e+27,-31.53107276323454,True
103.25325325325325,3.1189508740651066e+27,-31.509318548447077,True
103.27327327327328,3.114629276911641e+27,-31.487459430273965,True
103.29329329329329,3.110290062021344e+27,-31.465495921093893,True
103.31331331331332,3.1059333741312226e+27,-31.443428535528277,True
103.33333333333333,3.1015593583362644e+27,-31.421257790425734,True
103.35335335335336,3.0971681600814074e+27,-31.398984204846215,True
103.37337337337337,3.0927599251535634e+27,-31.37660830004539,True
103.3933933933934,3.0883347996735754e+27,-31.354130599458614,True
103.41341341341341,3.0838929300882365e+27,-31.33155162868518,True
103.43343343343344,3.07943446316224e+27,-31.30887191547218,True
103.45345345345345,3.074959545970186e+27,-31.28609198969857,True
103.47347347347348,3.07046832588853e+27,-31.26321238335892,True
103.49349349349349,3.0659609505875875e+27,-31.24023363054735,True
103.51351351351352,3.0614375680234804e+27,-31.21715626744115,True
103.53353353353353,3.056898326430132e+27,-31.193980832284556,True
103.55355355355356,3.0523433743112216e+27,-31.170707865372236,True
103.57357357357357,3.047772860432179e+27,-31.14733790903298,True
103.5935935935936,3.043186933812136e+27,-31.12387150761302,True
103.61361361361361,3.038585743715931e+27,-31.10030920745959,True
103.63363363363364,3.033969439646062e+27,-31.076651556904118,True
103.65365365365365,3.029338171334695e+27,-31.052899106245658,True
103.67367367367368,3.0246920887356265e+27,-31.029052407733975,True
103.69369369369369,3.0200313420162994e+27,-31.00511201555283,True
103.71371371371372,3.015356081549773e+27,-30.98107848580292,True
103.73373373373373,3.0106664579067546e+27,-30.956952376485077,True
103.75375375375376,3.005962621847574e+27,-30.932734247483072,True
103.77377377377377,3.0012447243142313e+27,-30.908424660546657,True
103.7937937937938,2.9965129164223867e+27,-30.884024179274295,True
103.81381381381381,2.9917673494534214e+27,-30.859533369096063,True
103.83383383383384,2.9870081748464454e+27,-30.834952797256243,True
103.85385385385385,2.9822355441903723e+27,-30.81028303279611,True
103.87387387387388,2.9774496092159504e+27,-30.785524646536423,True
103.89389389389389,2.972650521787855e+27,-30.760678211060096,True
103.91391391391392,2.9678384338967373e+27,-30.735744300694524,True
103.93393393393393,2.963013497651345e+27,-30.71072349149419,True
103.95395395395396,2.9581758652705925e+27,-30.685616361222873,True
103.97397397397397,2.9533256890756994e+27,-30.66042348933608,True
103.993993993994,2.948463121482293e+27,-30.6351454569632,True
104.01401401401401,2.9435883149925757e+27,-30.609782846889846,True
104.03403403403404,2.9387014221874457e+27,-30.58433624353978,True
104.05405405405405,2.9338025957186997e+27,-30.558806232957238,True
104.07407407407408,2.9288919883011844e+27,-30.53319340278877,True
104.09409409409409,2.923969752705025e+27,-30.507498342265357,True
104.11411411411412,2.9190360417478135e+27,-30.481721642184205,True
104.13413413413413,2.914091008286869e+27,-30.455863894890754,True
104.15415415415416,2.9091348052114567e+27,-30.429925694260323,True
104.17417417417417,2.9041675854350897e+27,-30.403907635680067,True
104.1941941941942,2.899189501887783e+27,-30.377810316030484,True
104.21421421421421,2.894200707508384e+27,-30.35163433366724,True
104.23423423423424,2.889201355236878e+27,-30.325380288402634,True
104.25425425425425,2.884191598006753e+27,-30.299048781487286,True
104.27427427427428,2.8791715887373394e+27,-30.272640415591496,True
104.29429429429429,2.874141480326226e+27,-30.246155794786834,True
104.31431431431432,2.8691014256416404e+27,-30.219595524527392,True
104.33433433433433,2.8640515775149026e+27,-30.192960211631295,True
104.35435435435436,2.858992088732855e+27,-30.166250464261843,True
104.37437437437437,2.8539231120303644e+27,-30.1394668919089,True
104.3943943943944,2.848844800082793e+27,-30.11261010536997,True
104.41441441441441,2.843757305498549e+27,-30.085680716731495,True
104.43443443443444,2.838660780811611e+27,-30.058679339349798,True
104.45445445445445,2.8335553784741254e+27,-30.031606587832314,True
104.47447447447448,2.8284412508489787e+27,-30.004463078018425,True
104.49449449449449,2.8233185502024507e+27,-29.97724942696062,True
104.51451451451452,2.818187428696838e+27,-29.949966252905217,True
104.53453453453453,2.81304803838316e+27,-29.922614175273424,True
104.55455455455456,2.807900531193839e+27,-29.895193814641985,True
104.57457457457457,2.802745058935462e+27,-29.867705792724173,True
104.5945945945946,2.797581773281512e+27,-29.84015073235032,True
104.61461461461461,2.792410825765192e+27,-29.812529257448684,True
104.63463463463464,2.787232367772216e+27,-29.784841993025985,True
104.65465465465465,2.782046550533687e+27,-29.757089565148128,True
104.67467467467468,2.776853525118952e+27,-29.729272600920613,True
104.69469469469469,2.771653442428539e+27,-29.70139172846927,True
104.71471471471472,2.7664464531870757e+27,-29.67344757692054,True
104.73473473473473,2.761232707936289e+27,-29.6454407763821,True
104.75475475475476,2.756012357027983e+27,-29.61737195792308,True
104.77477477477477,2.7507855506171104e+27,-29.589241753554624,True
104.7947947947948,2.745552438654812e+27,-29.56105079621005,True
104.81481481481481,2.740313170881551e+27,-29.53279971972525,True
104.83483483483484,2.735067896820227e+27,-29.50448915881885,True
104.85485485485485,2.729816765769372e+27,-29.476119749072478,True
104.87487487487488,2.724559926796335e+27,-29.447692126910898,True
104.89489489489489,2.71929752873055e+27,-29.419206929582188,True
104.91491491491492,2.714029720156787e+27,-29.39066479513775,True
104.93493493493493,2.7087566494084934e+27,-29.36206636241248,True
104.95495495495496,2.7034784645611153e+27,-29.33341227100468,True
104.97497497497497,2.6981953134255157e+27,-29.304703161256167,True
104.994994994995,2.6929073435413637e+27,-29.27593967423207,True
105.01501501501501,2.6876147021706295e+27,-29.24712245170092,True
105.03503503503504,2.682317536291051e+27,-29.218252136114376,True
105.05505505505505,2.677015992589701e+27,-29.189329370587224,True
105.07507507507508,2.67171021745653e+27,-29.16035479887702,True
105.09509509509509,2.666400356978013e+27,-29.131329065364067,True
105.11511511511512,2.6610865569307727e+27,-29.102252815030997,True
105.13513513513513,2.655768962775297e+27,-29.07312669344262,True
105.15515515515516,2.6504477196496455e+27,-29.043951346725486,True
105.17517517517517,2.645122972363252e+27,-29.01472742154769,True
105.1951951951952,2.6397948653907067e+27,-28.985455565098345,True
105.21521521521521,2.6344635428656376e+27,-28.95613642506734,True
105.23523523523524,2.6291291485745785e+27,-28.92677064962471,True
105.25525525525525,2.623791825950935e+27,-28.89735888740041,True
105.27527527527528,2.6184517180689316e+27,-28.867901787463595,True
105.29529529529529,2.613108967637662e+27,-28.8383999993023,True
105.31531531531532,2.6077637169951244e+27,-28.808854172802718,True
105.33533533533533,2.6024161081023556e+27,-28.779264958228808,True
105.35535535535536,2.5970662825375495e+27,-28.749633006201513,True
105.37537537537537,2.591714381490278e+27,-28.719958967678313,True
105.3953953953954,2.5863605457557e+27,-28.690243493932396,True
105.41541541541541,2.5810049157288696e+27,-28.66048723653217,True
105.43543543543544,2.5756476313990275e+27,-28.630690847320384,True
105.45545545545545,2.570288832344004e+27,-28.600854978393592,True
105.47547547547548,2.5649286577245987e+27,-28.570980282081187,True
105.49549549549549,2.5595672462790706e+27,-28.541067410924875,True
105.51551551551552,2.55420473631761e+27,-28.51111701765765,True
105.53553553553553,2.548841265716918e+27,-28.481129755183186,True
105.55555555555556,2.5434769719147746e+27,-28.451106276554825,True
105.57557557557557,2.5381119919047033e+27,-28.42104723495488,True
105.5955955955956,2.532746462230634e+27,-28.390953283673618,True
105.61561561561561,2.5273805189816644e+27,-28.3608250760885,True
105.63563563563564,2.5220142977868097e+27,-28.33066326564312,True
105.65565565565565,2.516647933809864e+27,-28.300468505826455,True
105.67567567567568,2.5112815617442394e+27,-28.270241450151683,True
105.69569569569569,2.505915315807923e+27,-28.239982752135475,True
105.71571571571572,2.500549329738414e+27,-28.20969306527677,True
105.73573573573573,2.495183736787773e+27,-28.17937304303596,True
105.75575575575576,2.4898186697176577e+27,-28.149023338813723,True
105.77577577577577,2.484454260794465e+27,-28.118644605930143,True
105.7957957957958,2.479090641784467e+27,-28.08823749760349,True
105.81581581581581,2.4737279439490482e+27,-28.05780266692936,True
105.83583583583584,2.4683662980399396e+27,-28.02734076685938,True
105.85585585585585,2.4630058342945543e+27,-27.996852450180327,True
105.87587587587588,2.4576466824313182e+27,-27.96633836949285,True
105.89589589589589,2.452288971645106e+27,-27.93579917719054,True
105.91591591591592,2.4469328306026678e+27,-27.905235525438588,True
105.93593593593593,2.4415783874381698e+27,-27.874648066152893,True
105.95595595595596,2.4362257697487157e+27,-27.8440374509787,True
105.97597597597597,2.430875104589986e+27,-27.813404331269627,True
105.995995995996,2.4255265184718642e+27,-27.78274935806634,True
106.01601601601601,2.4201801373541762e+27,-27.752073182075573,True
106.03603603603604,2.4148360866424135e+27,-27.72137645364872,True
106.05605605605606,2.4094944911835703e+27,-27.690659822760875,True
106.07607607607608,2.4041554752619893e+27,-27.659923938989518,True
106.09609609609609,2.398819162595265e+27,-27.629169451493322,True
106.11611611611612,2.3934856763302105e+27,-27.59839700899095,True
106.13613613613614,2.388155139038877e+27,-27.56760725973995,True
106.15615615615616,2.3828276727146082e+27,-27.536800851515448,True
106.17617617617617,2.3775033987681455e+27,-27.505978431588918,True
106.1961961961962,2.3721824380238027e+27,-27.475140646707022,True
106.21621621621622,2.3668649107156882e+27,-27.444288143070423,True
106.23623623623624,2.3615509364839654e+27,-27.413421566312522,True
106.25625625625625,2.3562406343711642e+27,-27.382541561478202,True
106.27627627627628,2.3509341228185612e+27,-27.351648773002683,True
106.2962962962963,2.3456315196626076e+27,-27.320743844690274,True
106.31631631631632,2.3403329421313988e+27,-27.289827419693232,True
106.33633633633633,2.3350385068411903e+27,-27.258900140490375,True
106.35635635635636,2.3297483297929852e+27,-27.22796264886604,True
106.37637637637638,2.3244625263691724e+27,-27.19701558588883,True
106.3963963963964,2.3191812113301992e+27,-27.166059591890424,True
106.41641641641641,2.3139044988112997e+27,-27.135095306444327,True
106.43643643643644,2.3086325023192887e+27,-27.104123368344702,True
106.45645645645646,2.3033653347294064e+27,-27.073144415585276,True
106.47647647647648,2.2981031082822012e+27,-27.042159085338085,True
106.49649649649649,2.292845934580467e+27,-27.011168013932277,True
106.51651651651652,2.2875939245862438e+27,-26.980171836833012,True
106.53653653653654,2.2823471886178726e+27,-26.94917118862033,True
106.55655655655656,2.2771058363470873e+27,-26.918166702968016,True
106.57657657657657,2.2718699767961587e+27,-26.887159012622377,True
106.5965965965966,2.2666397183351065e+27,-26.856148749381216,True
106.61661661661662,2.26141516867896e+27,-26.825136544072762,True
106.63663663663664,2.2561964348850632e+27,-26.794123026534535,True
106.65665665665665,2.250983623350422e+27,-26.763108825592234,True
106.67667667667668,2.2457768398091304e+27,-26.73209456903874,True
106.6966966966967,2.240576189329838e+27,-26.7010808836131,True
106.71671671671672,2.2353817763132592e+27,-26.670068394979452,True
106.73673673673673,2.2301937044897385e+27,-26.63905772770602,True
106.75675675675676,2.225012076916876e+27,-26.608049505244136,True
106.77677677677679,2.2198369959772064e+27,-26.577044349907304,True
106.7967967967968,2.2146685633759208e+27,-26.54604288285026,True
106.81681681681681,2.2095068801386307e+27,-26.51504572404795,True
106.83683683683684,2.2043520466092103e+27,-26.48405349227473,True
106.85685685685687,2.1992041624476785e+27,-26.45306680508345,True
106.87687687687688,2.194063326628127e+27,-26.422086278784644,True
106.89689689689689,2.188929637436697e+27,-26.39111252842558,True
106.91691691691692,2.1838031924696204e+27,-26.360146167769553,True
106.93693693693695,2.1786840886313158e+27,-26.329187809275112,True
106.95695695695696,2.1735724221325183e+27,-26.29823806407529,True
106.97697697697697,2.168468288488465e+27,-26.267297541956818,True
106.996996996997,2.1633717825171387e+27,-26.236366851339504,True
107.01701701701703,2.1582829983375737e+27,-26.20544659925558,True
107.03703703703704,2.153202029368187e+27,-26.17453739132905,True
107.05705705705705,2.1481289683251678e+27,-26.143639831755035,True
107.07707707707708,2.143063907220931e+27,-26.11275452327926,True
107.0970970970971,2.1380069373626186e+27,-26.081882067177556,True
107.11711711711712,2.1329581493506425e+27,-26.051023063235338,True
107.13713713713713,2.127917633077272e+27,-26.020178109727077,True
107.15715715715716,2.1228854777252898e+27,-25.989347803395933,True
107.17717717717719,2.117861771766699e+27,-25.958532739433416,True
107.1971971971972,2.1128466029614627e+27,-25.927733511459,True
107.21721721721721,2.107840058356298e+27,-25.896950711499752,True
107.23723723723724,2.1028422242835273e+27,-25.86618492997014,True
107.25725725725727,2.0978531863599893e+27,-25.83543675565183,True
107.27727727727728,2.0928730294859767e+27,-25.80470677567349,True
107.29729729729729,2.0879018378442273e+27,-25.773995575490602,True
107.31731731731732,2.082939694898978e+27,-25.743303738865396,True
107.33733733733735,2.0779866833950687e+27,-25.712631847846872,True
107.35735735735736,2.073042885357081e+27,-25.68198048275078,True
107.37737737737737,2.0681083820885234e+27,-25.651350222139595,True
107.3973973973974,2.0631832541710838e+27,-25.620741642802685,True
107.41741741741743,2.058267581463925e+27,-25.590155319736507,True
107.43743743743744,2.053361443103021e+27,-25.55959182612478,True
107.45745745745745,2.0484649175005365e+27,-25.529051733318692,True
107.47747747747748,2.0435780823442693e+27,-25.498535610817253,True
107.4974974974975,2.0387010145971427e+27,-25.468044026247732,True
107.51751751751752,2.0338337904967304e+27,-25.43757754534601,True
107.53753753753753,2.0289764855548276e+27,-25.40713673193706,True
107.55755755755756,2.0241291745570856e+27,-25.376722147915515,True
107.57757757757759,2.019291931562692e+27,-25.346334353226304,True
107.5975975975976,2.0144648299040854e+27,-25.315973905845304,True
107.61761761761761,2.009647942186714e+27,-25.285641361759996,True
107.63763763763764,2.0048413402888584e+27,-25.25533727495033,True
107.65765765765767,2.0000450953614975e+27,-25.22506219736962,True
107.67767767767768,1.9952592778282067e+27,-25.194816678925392,True
107.69769769769769,1.990483957385107e+27,-25.16460126746039,True
107.71771771771772,1.9857192030008667e+27,-25.13441650873363,True
107.73773773773775,1.9809650829167515e+27,-25.104262946401608,True
107.75775775775776,1.9762216646467086e+27,-25.074141121999443,True
107.77777777777777,1.9714890149774905e+27,-25.044051574922104,True
107.7977977977978,1.966767199968842e+27,-25.0139948424058,True
107.81781781781783,1.96205628495373e+27,-24.9839714595095,True
107.83783783783784,1.957356334538604e+27,-24.953981959096293,True
107.85785785785785,1.9526674126036983e+27,-24.92402687181501,True
107.87787787787788,1.9479895823033972e+27,-24.894106726081876,True
107.8978978978979,1.9433229060666397e+27,-24.86422204806232,True
107.91791791791792,1.9386674455973528e+27,-24.834373361652716,True
107.93793793793793,1.9340232618749324e+27,-24.804561188462277,True
107.95795795795796,1.9293904151547772e+27,-24.77478604779506,True
107.97797797797799,1.9247689649688668e+27,-24.745048456632105,True
107.997997997998,1.9201589701263665e+27,-24.715348929613512,True
108.01801801801801,1.9155604887142786e+27,-24.685687979020692,True
108.03803803803804,1.910973578098143e+27,-24.656066114758712,True
108.05805805805807,1.9063982949227853e+27,-24.62648384433879,True
108.07807807807808,1.9018346951130876e+27,-24.596941672860744,True
108.09809809809809,1.897282833874805e+27,-24.567440102995594,True
108.11811811811812,1.8927427656954336e+27,-24.537979634968305,True
108.13813813813815,1.8882145443451186e+27,-24.508560766540622,True
108.15815815815816,1.883698222877591e+27,-24.479183992993946,True
108.17817817817817,1.8791938536311436e+27,-24.449849807112297,True
108.1981981981982,1.87470148822966e+27,-24.420558699165454,True
108.21821821821823,1.8702211775836814e+27,-24.3913111568922,True
108.23823823823824,1.8657529718915043e+27,-24.362107665483606,True
108.25825825825825,1.8612969206403098e+27,-24.332948707566402,True
108.27827827827828,1.8568530726073508e+27,-24.303834763186526,True
108.2982982982983,1.8524214758611742e+27,-24.274766309792792,True
108.31831831831832,1.8480021777628696e+27,-24.24574382222063,True
108.33833833833833,1.8435952249673538e+27,-24.216767772675855,True
108.35835835835836,1.839200663424709e+27,-24.187838630718684,True
108.37837837837839,1.8348185383815548e+27,-24.15895686324786,True
108.3983983983984,1.8304488943824444e+27,-24.130122934484795,True
108.41841841841841,1.8260917752713005e+27,-24.101337305957827,True
108.43843843843844,1.821747224192897e+27,-24.072600436486734,True
108.45845845845847,1.8174152835943787e+27,-24.043912782167276,True
108.47847847847848,1.8130959952267997e+27,-24.015274796355815,True
108.49849849849849,1.8087894001467056e+27,-23.98668692965413,True
108.51851851851852,1.8044955387177527e+27,-23.958149629894283,True
108.53853853853855,1.8002144506123724e+27,-23.92966334212379,True
108.55855855855856,1.7959461748134479e+27,-23.90122850859067,True
108.57857857857857,1.7916907496160323e+27,-23.872845568728767,True
108.5985985985986,1.7874482126291094e+27,-23.84451495914315,True
108.61861861861863,1.783218600777389e+27,-23.81623711359579,True
108.63863863863864,1.7790019503031213e+27,-23.78801246299112,True
108.65865865865865,1.7747982967679476e+27,-23.7598414353619,True
108.67867867867868,1.7706076750547927e+27,-23.731724455855176,True
108.6986986986987,1.76643011936979e+27,-23.703661946718427,True
108.71871871871872,1.7622656632442286e+27,-23.67565432728577,True
108.73873873873873,1.7581143395365283e+27,-23.647702013964278,True
108.75875875875876,1.7539761804342619e+27,-23.619805420220573,True
108.77877877877879,1.7498512174562044e+27,-23.591964956567487,True
108.7987987987988,1.7457394814544053e+27,-23.56418103055089,True
108.81881881881881,1.741641002616286e+27,-23.536454046736537,True
108.83883883883884,1.7375558104667842e+27,-23.508784406697256,True
108.85885885885887,1.7334839338705252e+27,-23.48117250900023,True
108.87887887887888,1.7294254010340095e+27,-23.45361874919435,True
108.89889889889889,1.7253802395078332e+27,-23.42612351979776,True
108.91891891891892,1.721348476188945e+27,-23.398687210285555,True
108.93893893893895,1.7173301373229343e+27,-23.37131020707773,True
108.95895895895896,1.7133252485063336e+27,-23.343992893527144,True
108.97897897897897,1.7093338346889496e+27,-23.31673564990766,True
108.998998998999,1.7053559201762342e+27,-23.28953885340253,True
109.01901901901903,1.7013915286316802e+27,-23.262402878092924,True
109.03903903903904,1.6974406830792343e+27,-23.235328094946563,True
109.05905905905905,1.6935034059057348e+27,-23.2083148718065,True
109.07907907907908,1.689579718863388e+27,-23.181363573380146,True
109.0990990990991,1.685669643072271e+27,-23.1544745612285,True
109.11911911911912,1.681773199022845e+27,-23.127648193755377,True
109.13913913913913,1.6778904065784982e+27,-23.100884826196925,True
109.15915915915916,1.674021284978121e+27,-23.0741848106113,True
109.17917917917919,1.670165852838709e+27,-23.04754849586855,True
109.1991991991992,1.6663241281579735e+27,-23.020976227640585,True
109.21921921921921,1.662496128316984e+27,-22.99446834839136,True
109.23923923923924,1.6586818700828362e+27,-22.968025197367222,True
109.25925925925927,1.6548813696113483e+27,-22.941647110587542,True
109.27927927927928,1.6510946424497685e+27,-22.915334420835375,True
109.29929929929929,1.6473217035395042e+27,-22.889087457648326,True
109.31931931931932,1.6435625672188832e+27,-22.8629065473097,True
109.33933933933935,1.6398172472259387e+27,-22.836792012839762,True
109.35935935935936,1.6360857567012027e+27,-22.81074417398718,True
109.37937937937937,1.632368108190522e+27,-22.784763347220643,True
109.3993993993994,1.628664313647905e+27,-22.75884984572069,True
109.41941941941943,1.624974384438389e+27,-22.733003979371773,True
109.43943943943944,1.6212983313409165e+27,-22.707226054754447,True
109.45945945945945,1.617636164551231e+27,-22.681516375137686,True
109.47947947947948,1.6139878936848055e+27,-22.655875240471552,True
109.4994994994995,1.6103535277797853e+27,-22.630302947379977,True
109.51951951951952,1.6067330752999424e+27,-22.60479978915371,True
109.53953953953953,1.6031265441376472e+27,-22.57936605574348,True
109.55955955955956,1.59953394161687e+27,-22.55400203375335,True
109.57957957957959,1.595955274496197e+27,-22.52870800643436,True
109.5995995995996,1.5923905489718564e+27,-22.503484253678238,True
109.61961961961961,1.588839770680761e+27,-22.478331052011335,True
109.63963963963964,1.5853029447035762e+27,-22.453248674588806,True
109.65965965965967,1.5817800755678073e+27,-22.42823739118907,True
109.67967967967968,1.578271167250887e+27,-22.403297468208272,True
109.69969969969969,1.5747762231832874e+27,-22.378429168655085,True
109.71971971971972,1.571295246251649e+27,-22.353632752145696,True
109.73973973973975,1.5678282388019293e+27,-22.328908474899045,True
109.75975975975976,1.5643752026425558e+27,-22.30425658973218,True
109.77977977977977,1.560936139047592e+27,-22.27967734605582,True
109.7997997997998,1.557511048759929e+27,-22.255170989870244,True
109.81981981981983,1.554099931994488e+27,-22.230737763761276,True
109.83983983983984,1.5507027884414324e+27,-22.20637790689657,True
109.85985985985985,1.5473196172693844e+27,-22.182091655021978,True
109.87987987987988,1.5439504171286726e+27,-22.15787924045824,True
109.8998998998999,1.5405951861545865e+27,-22.133740892097922,True
109.91991991991992,1.5372539219706353e+27,-22.109676835402464,True
109.93993993993993,1.5339266216918196e+27,-22.085687292399427,True
109.95995995995996,1.5306132819279216e+27,-22.0617724816801,True
109.97997997997999,1.5273138987868108e+27,-22.037932618397225,True
110.0,1.5240284678777445e+27,-22.014167914262945,True
